{
  "version": 5,
  "ui": {
    "gridSize": 20,
    "snap": "on",
    "radius": 20,
    "neighborDist": 55
  },
  "nodes": [
    {
      "id": "n_1",
      "x": 680,
      "y": -20,
      "kind": "board",
      "flags": {
        "run": false,
        "goal": true,
        "startColor": null,
        "noBarricade": false
      }
    },
    {
      "id": "n_2",
      "x": 680,
      "y": 20,
      "kind": "board",
      "flags": {
        "run": true,
        "goal": false,
        "startColor": null,
        "noBarricade": false
      }
    },
    {
      "id": "n_3",
      "x": 720,
      "y": 20,
      "kind": "board",
      "flags": {
        "run": false,
        "goal": false,
        "startColor": null,
        "noBarricade": false
      }
    },
    {
      "id": "n_4",
      "x": 760,
      "y": 20,
      "kind": "board",
      "flags": {
        "run": false,
        "goal": false,
        "startColor": null,
        "noBarricade": false
      }
    },
    {
      "id": "n_5",
      "x": 800,
      "y": 20,
      "kind": "board",
      "flags": {
        "run": false,
        "goal": false,
        "startColor": null,
        "noBarricade": false
      }
    },
    {
      "id": "n_6",
      "x": 840,
      "y": 20,
      "kind": "board",
      "flags": {
        "run": false,
        "goal": false,
        "startColor": null,
        "noBarricade": false
      }
    },
    {
      "id": "n_7",
      "x": 880,
      "y": 20,
      "kind": "board",
      "flags": {
        "run": false,
        "goal": false,
        "startColor": null,
        "noBarricade": false
      }
    },
    {
      "id": "n_8",
      "x": 920,
      "y": 20,
      "kind": "board",
      "flags": {
        "run": false,
        "goal": false,
        "startColor": null,
        "noBarricade": false
      }
    },
    {
      "id": "n_9",
      "x": 960,
      "y": 20,
      "kind": "board",
      "flags": {
        "run": false,
        "goal": false,
        "startColor": null,
        "noBarricade": false
      }
    },
    {
      "id": "n_10",
      "x": 1000,
      "y": 20,
      "kind": "board",
      "flags": {
        "run": false,
        "goal": false,
        "startColor": null,
        "noBarricade": false
      }
    },
    {
      "id": "n_11",
      "x": 1000,
      "y": 60,
      "kind": "board",
      "flags": {
        "run": false,
        "goal": false,
        "startColor": null,
        "noBarricade": false
      }
    },
    {
      "id": "n_12",
      "x": 1000,
      "y": 100,
      "kind": "board",
      "flags": {
        "run": false,
        "goal": false,
        "startColor": null,
        "noBarricade": false
      }
    },
    {
      "id": "n_13",
      "x": 960,
      "y": 100,
      "kind": "board",
      "flags": {
        "run": false,
        "goal": false,
        "startColor": null,
        "noBarricade": false
      }
    },
    {
      "id": "n_14",
      "x": 920,
      "y": 100,
      "kind": "board",
      "flags": {
        "run": false,
        "goal": false,
        "startColor": null,
        "noBarricade": false
      }
    },
    {
      "id": "n_15",
      "x": 880,
      "y": 100,
      "kind": "board",
      "flags": {
        "run": false,
        "goal": false,
        "startColor": null,
        "noBarricade": false
      }
    },
    {
      "id": "n_16",
      "x": 840,
      "y": 100,
      "kind": "board",
      "flags": {
        "run": false,
        "goal": false,
        "startColor": null,
        "noBarricade": false
      }
    },
    {
      "id": "n_17",
      "x": 800,
      "y": 100,
      "kind": "board",
      "flags": {
        "run": false,
        "goal": false,
        "startColor": null,
        "noBarricade": false
      }
    },
    {
      "id": "n_18",
      "x": 760,
      "y": 100,
      "kind": "board",
      "flags": {
        "run": false,
        "goal": false,
        "startColor": null,
        "noBarricade": false
      }
    },
    {
      "id": "n_19",
      "x": 720,
      "y": 100,
      "kind": "board",
      "flags": {
        "run": false,
        "goal": false,
        "startColor": null,
        "noBarricade": false
      }
    },
    {
      "id": "n_20",
      "x": 680,
      "y": 100,
      "kind": "board",
      "flags": {
        "run": true,
        "goal": false,
        "startColor": null,
        "noBarricade": false
      }
    },
    {
      "id": "n_21",
      "x": 640,
      "y": 20,
      "kind": "board",
      "flags": {
        "run": false,
        "goal": false,
        "startColor": null,
        "noBarricade": false
      }
    },
    {
      "id": "n_22",
      "x": 600,
      "y": 20,
      "kind": "board",
      "flags": {
        "run": false,
        "goal": false,
        "startColor": null,
        "noBarricade": false
      }
    },
    {
      "id": "n_23",
      "x": 560,
      "y": 20,
      "kind": "board",
      "flags": {
        "run": false,
        "goal": false,
        "startColor": null,
        "noBarricade": false
      }
    },
    {
      "id": "n_24",
      "x": 520,
      "y": 20,
      "kind": "board",
      "flags": {
        "run": false,
        "goal": false,
        "startColor": null,
        "noBarricade": false
      }
    },
    {
      "id": "n_25",
      "x": 480,
      "y": 20,
      "kind": "board",
      "flags": {
        "run": false,
        "goal": false,
        "startColor": null,
        "noBarricade": false
      }
    },
    {
      "id": "n_26",
      "x": 440,
      "y": 20,
      "kind": "board",
      "flags": {
        "run": false,
        "goal": false,
        "startColor": null,
        "noBarricade": false
      }
    },
    {
      "id": "n_27",
      "x": 400,
      "y": 20,
      "kind": "board",
      "flags": {
        "run": false,
        "goal": false,
        "startColor": null,
        "noBarricade": false
      }
    },
    {
      "id": "n_28",
      "x": 360,
      "y": 20,
      "kind": "board",
      "flags": {
        "run": false,
        "goal": false,
        "startColor": null,
        "noBarricade": false
      }
    },
    {
      "id": "n_29",
      "x": 360,
      "y": 60,
      "kind": "board",
      "flags": {
        "run": false,
        "goal": false,
        "startColor": null,
        "noBarricade": false
      }
    },
    {
      "id": "n_30",
      "x": 360,
      "y": 100,
      "kind": "board",
      "flags": {
        "run": false,
        "goal": false,
        "startColor": null,
        "noBarricade": false
      }
    },
    {
      "id": "n_31",
      "x": 400,
      "y": 100,
      "kind": "board",
      "flags": {
        "run": false,
        "goal": false,
        "startColor": null,
        "noBarricade": false
      }
    },
    {
      "id": "n_32",
      "x": 440,
      "y": 100,
      "kind": "board",
      "flags": {
        "run": false,
        "goal": false,
        "startColor": null,
        "noBarricade": false
      }
    },
    {
      "id": "n_33",
      "x": 480,
      "y": 100,
      "kind": "board",
      "flags": {
        "run": false,
        "goal": false,
        "startColor": null,
        "noBarricade": false
      }
    },
    {
      "id": "n_34",
      "x": 520,
      "y": 100,
      "kind": "board",
      "flags": {
        "run": false,
        "goal": false,
        "startColor": null,
        "noBarricade": false
      }
    },
    {
      "id": "n_35",
      "x": 560,
      "y": 100,
      "kind": "board",
      "flags": {
        "run": false,
        "goal": false,
        "startColor": null,
        "noBarricade": false
      }
    },
    {
      "id": "n_36",
      "x": 600,
      "y": 100,
      "kind": "board",
      "flags": {
        "run": false,
        "goal": false,
        "startColor": null,
        "noBarricade": false
      }
    },
    {
      "id": "n_37",
      "x": 640,
      "y": 100,
      "kind": "board",
      "flags": {
        "run": false,
        "goal": false,
        "startColor": null,
        "noBarricade": false
      }
    },
    {
      "id": "n_38",
      "x": 680,
      "y": 140,
      "kind": "board",
      "flags": {
        "run": true,
        "goal": false,
        "startColor": null,
        "noBarricade": false
      }
    },
    {
      "id": "n_39",
      "x": 680,
      "y": 180,
      "kind": "board",
      "flags": {
        "run": true,
        "goal": false,
        "startColor": null,
        "noBarricade": false
      }
    },
    {
      "id": "n_40",
      "x": 640,
      "y": 180,
      "kind": "board",
      "flags": {
        "run": false,
        "goal": false,
        "startColor": null,
        "noBarricade": false
      }
    },
    {
      "id": "n_41",
      "x": 600,
      "y": 180,
      "kind": "board",
      "flags": {
        "run": false,
        "goal": false,
        "startColor": null,
        "noBarricade": false
      }
    },
    {
      "id": "n_42",
      "x": 600,
      "y": 220,
      "kind": "board",
      "flags": {
        "run": false,
        "goal": false,
        "startColor": null,
        "noBarricade": false
      }
    },
    {
      "id": "n_43",
      "x": 600,
      "y": 260,
      "kind": "board",
      "flags": {
        "run": true,
        "goal": false,
        "startColor": null,
        "noBarricade": false
      }
    },
    {
      "id": "n_44",
      "x": 560,
      "y": 260,
      "kind": "board",
      "flags": {
        "run": false,
        "goal": false,
        "startColor": null,
        "noBarricade": false
      }
    },
    {
      "id": "n_45",
      "x": 520,
      "y": 260,
      "kind": "board",
      "flags": {
        "run": false,
        "goal": false,
        "startColor": null,
        "noBarricade": false
      }
    },
    {
      "id": "n_46",
      "x": 520,
      "y": 300,
      "kind": "board",
      "flags": {
        "run": false,
        "goal": false,
        "startColor": null,
        "noBarricade": false
      }
    },
    {
      "id": "n_47",
      "x": 520,
      "y": 340,
      "kind": "board",
      "flags": {
        "run": false,
        "goal": false,
        "startColor": null,
        "noBarricade": false
      }
    },
    {
      "id": "n_48",
      "x": 480,
      "y": 340,
      "kind": "board",
      "flags": {
        "run": false,
        "goal": false,
        "startColor": null,
        "noBarricade": false
      }
    },
    {
      "id": "n_49",
      "x": 440,
      "y": 340,
      "kind": "board",
      "flags": {
        "run": false,
        "goal": false,
        "startColor": null,
        "noBarricade": false
      }
    },
    {
      "id": "n_50",
      "x": 440,
      "y": 380,
      "kind": "board",
      "flags": {
        "run": false,
        "goal": false,
        "startColor": null,
        "noBarricade": false
      }
    },
    {
      "id": "n_51",
      "x": 440,
      "y": 420,
      "kind": "board",
      "flags": {
        "run": false,
        "goal": false,
        "startColor": null,
        "noBarricade": false
      }
    },
    {
      "id": "n_52",
      "x": 400,
      "y": 420,
      "kind": "board",
      "flags": {
        "run": false,
        "goal": false,
        "startColor": null,
        "noBarricade": false
      }
    },
    {
      "id": "n_54",
      "x": 360,
      "y": 500,
      "kind": "board",
      "flags": {
        "run": false,
        "goal": false,
        "startColor": null,
        "noBarricade": true
      }
    },
    {
      "id": "n_55",
      "x": 360,
      "y": 460,
      "kind": "board",
      "flags": {
        "run": false,
        "goal": false,
        "startColor": null,
        "noBarricade": true
      }
    },
    {
      "id": "n_56",
      "x": 400,
      "y": 500,
      "kind": "board",
      "flags": {
        "run": false,
        "goal": false,
        "startColor": null,
        "noBarricade": true
      }
    },
    {
      "id": "n_57",
      "x": 440,
      "y": 500,
      "kind": "board",
      "flags": {
        "run": false,
        "goal": false,
        "startColor": "red",
        "noBarricade": true
      }
    },
    {
      "id": "n_58",
      "x": 480,
      "y": 500,
      "kind": "board",
      "flags": {
        "run": false,
        "goal": false,
        "startColor": null,
        "noBarricade": true
      }
    },
    {
      "id": "n_59",
      "x": 520,
      "y": 500,
      "kind": "board",
      "flags": {
        "run": false,
        "goal": false,
        "startColor": null,
        "noBarricade": true
      }
    },
    {
      "id": "n_60",
      "x": 520,
      "y": 460,
      "kind": "board",
      "flags": {
        "run": false,
        "goal": false,
        "startColor": null,
        "noBarricade": true
      }
    },
    {
      "id": "n_61",
      "x": 520,
      "y": 420,
      "kind": "board",
      "flags": {
        "run": true,
        "goal": false,
        "startColor": null,
        "noBarricade": false
      }
    },
    {
      "id": "n_62",
      "x": 480,
      "y": 420,
      "kind": "board",
      "flags": {
        "run": false,
        "goal": false,
        "startColor": null,
        "noBarricade": false
      }
    },
    {
      "id": "n_63",
      "x": 560,
      "y": 500,
      "kind": "board",
      "flags": {
        "run": false,
        "goal": false,
        "startColor": null,
        "noBarricade": true
      }
    },
    {
      "id": "n_64",
      "x": 600,
      "y": 500,
      "kind": "board",
      "flags": {
        "run": false,
        "goal": false,
        "startColor": "yellow",
        "noBarricade": true
      }
    },
    {
      "id": "n_65",
      "x": 640,
      "y": 500,
      "kind": "board",
      "flags": {
        "run": false,
        "goal": false,
        "startColor": null,
        "noBarricade": true
      }
    },
    {
      "id": "n_66",
      "x": 680,
      "y": 500,
      "kind": "board",
      "flags": {
        "run": false,
        "goal": false,
        "startColor": null,
        "noBarricade": true
      }
    },
    {
      "id": "n_67",
      "x": 680,
      "y": 460,
      "kind": "board",
      "flags": {
        "run": false,
        "goal": false,
        "startColor": null,
        "noBarricade": true
      }
    },
    {
      "id": "n_68",
      "x": 680,
      "y": 420,
      "kind": "board",
      "flags": {
        "run": true,
        "goal": false,
        "startColor": null,
        "noBarricade": false
      }
    },
    {
      "id": "n_69",
      "x": 640,
      "y": 420,
      "kind": "board",
      "flags": {
        "run": false,
        "goal": false,
        "startColor": null,
        "noBarricade": false
      }
    },
    {
      "id": "n_70",
      "x": 600,
      "y": 420,
      "kind": "board",
      "flags": {
        "run": false,
        "goal": false,
        "startColor": null,
        "noBarricade": false
      }
    },
    {
      "id": "n_71",
      "x": 560,
      "y": 420,
      "kind": "board",
      "flags": {
        "run": false,
        "goal": false,
        "startColor": null,
        "noBarricade": false
      }
    },
    {
      "id": "n_72",
      "x": 560,
      "y": 340,
      "kind": "board",
      "flags": {
        "run": false,
        "goal": false,
        "startColor": null,
        "noBarricade": false
      }
    },
    {
      "id": "n_73",
      "x": 600,
      "y": 340,
      "kind": "board",
      "flags": {
        "run": false,
        "goal": false,
        "startColor": null,
        "noBarricade": false
      }
    },
    {
      "id": "n_74",
      "x": 600,
      "y": 380,
      "kind": "board",
      "flags": {
        "run": false,
        "goal": false,
        "startColor": null,
        "noBarricade": false
      }
    },
    {
      "id": "n_75",
      "x": 640,
      "y": 260,
      "kind": "board",
      "flags": {
        "run": false,
        "goal": false,
        "startColor": null,
        "noBarricade": false
      }
    },
    {
      "id": "n_76",
      "x": 680,
      "y": 260,
      "kind": "board",
      "flags": {
        "run": false,
        "goal": false,
        "startColor": null,
        "noBarricade": false
      }
    },
    {
      "id": "n_77",
      "x": 720,
      "y": 260,
      "kind": "board",
      "flags": {
        "run": false,
        "goal": false,
        "startColor": null,
        "noBarricade": false
      }
    },
    {
      "id": "n_78",
      "x": 760,
      "y": 260,
      "kind": "board",
      "flags": {
        "run": true,
        "goal": false,
        "startColor": null,
        "noBarricade": false
      }
    },
    {
      "id": "n_79",
      "x": 640,
      "y": 340,
      "kind": "board",
      "flags": {
        "run": false,
        "goal": false,
        "startColor": null,
        "noBarricade": false
      }
    },
    {
      "id": "n_80",
      "x": 680,
      "y": 340,
      "kind": "board",
      "flags": {
        "run": false,
        "goal": false,
        "startColor": null,
        "noBarricade": false
      }
    },
    {
      "id": "n_81",
      "x": 720,
      "y": 340,
      "kind": "board",
      "flags": {
        "run": false,
        "goal": false,
        "startColor": null,
        "noBarricade": false
      }
    },
    {
      "id": "n_82",
      "x": 760,
      "y": 340,
      "kind": "board",
      "flags": {
        "run": false,
        "goal": false,
        "startColor": null,
        "noBarricade": false
      }
    },
    {
      "id": "n_83",
      "x": 760,
      "y": 380,
      "kind": "board",
      "flags": {
        "run": false,
        "goal": false,
        "startColor": null,
        "noBarricade": false
      }
    },
    {
      "id": "n_84",
      "x": 760,
      "y": 420,
      "kind": "board",
      "flags": {
        "run": false,
        "goal": false,
        "startColor": null,
        "noBarricade": false
      }
    },
    {
      "id": "n_85",
      "x": 720,
      "y": 420,
      "kind": "board",
      "flags": {
        "run": false,
        "goal": false,
        "startColor": null,
        "noBarricade": false
      }
    },
    {
      "id": "n_86",
      "x": 720,
      "y": 500,
      "kind": "board",
      "flags": {
        "run": false,
        "goal": false,
        "startColor": null,
        "noBarricade": true
      }
    },
    {
      "id": "n_87",
      "x": 760,
      "y": 500,
      "kind": "board",
      "flags": {
        "run": false,
        "goal": false,
        "startColor": "green",
        "noBarricade": true
      }
    },
    {
      "id": "n_88",
      "x": 800,
      "y": 500,
      "kind": "board",
      "flags": {
        "run": false,
        "goal": false,
        "startColor": null,
        "noBarricade": true
      }
    },
    {
      "id": "n_89",
      "x": 840,
      "y": 500,
      "kind": "board",
      "flags": {
        "run": false,
        "goal": false,
        "startColor": null,
        "noBarricade": true
      }
    },
    {
      "id": "n_90",
      "x": 840,
      "y": 460,
      "kind": "board",
      "flags": {
        "run": false,
        "goal": false,
        "startColor": null,
        "noBarricade": true
      }
    },
    {
      "id": "n_91",
      "x": 840,
      "y": 420,
      "kind": "board",
      "flags": {
        "run": true,
        "goal": false,
        "startColor": null,
        "noBarricade": false
      }
    },
    {
      "id": "n_92",
      "x": 800,
      "y": 420,
      "kind": "board",
      "flags": {
        "run": false,
        "goal": false,
        "startColor": null,
        "noBarricade": false
      }
    },
    {
      "id": "n_93",
      "x": 800,
      "y": 340,
      "kind": "board",
      "flags": {
        "run": false,
        "goal": false,
        "startColor": null,
        "noBarricade": false
      }
    },
    {
      "id": "n_94",
      "x": 800,
      "y": 260,
      "kind": "board",
      "flags": {
        "run": false,
        "goal": false,
        "startColor": null,
        "noBarricade": false
      }
    },
    {
      "id": "n_95",
      "x": 720,
      "y": 180,
      "kind": "board",
      "flags": {
        "run": false,
        "goal": false,
        "startColor": null,
        "noBarricade": false
      }
    },
    {
      "id": "n_96",
      "x": 760,
      "y": 180,
      "kind": "board",
      "flags": {
        "run": false,
        "goal": false,
        "startColor": null,
        "noBarricade": false
      }
    },
    {
      "id": "n_97",
      "x": 760,
      "y": 220,
      "kind": "board",
      "flags": {
        "run": false,
        "goal": false,
        "startColor": null,
        "noBarricade": false
      }
    },
    {
      "id": "n_98",
      "x": 840,
      "y": 260,
      "kind": "board",
      "flags": {
        "run": false,
        "goal": false,
        "startColor": null,
        "noBarricade": false
      }
    },
    {
      "id": "n_99",
      "x": 840,
      "y": 340,
      "kind": "board",
      "flags": {
        "run": false,
        "goal": false,
        "startColor": null,
        "noBarricade": false
      }
    },
    {
      "id": "n_100",
      "x": 840,
      "y": 300,
      "kind": "board",
      "flags": {
        "run": false,
        "goal": false,
        "startColor": null,
        "noBarricade": false
      }
    },
    {
      "id": "n_101",
      "x": 880,
      "y": 340,
      "kind": "board",
      "flags": {
        "run": false,
        "goal": false,
        "startColor": null,
        "noBarricade": false
      }
    },
    {
      "id": "n_102",
      "x": 920,
      "y": 340,
      "kind": "board",
      "flags": {
        "run": false,
        "goal": false,
        "startColor": null,
        "noBarricade": false
      }
    },
    {
      "id": "n_103",
      "x": 920,
      "y": 380,
      "kind": "board",
      "flags": {
        "run": false,
        "goal": false,
        "startColor": null,
        "noBarricade": false
      }
    },
    {
      "id": "n_104",
      "x": 920,
      "y": 420,
      "kind": "board",
      "flags": {
        "run": false,
        "goal": false,
        "startColor": null,
        "noBarricade": false
      }
    },
    {
      "id": "n_105",
      "x": 880,
      "y": 420,
      "kind": "board",
      "flags": {
        "run": false,
        "goal": false,
        "startColor": null,
        "noBarricade": false
      }
    },
    {
      "id": "n_106",
      "x": 880,
      "y": 500,
      "kind": "board",
      "flags": {
        "run": false,
        "goal": false,
        "startColor": null,
        "noBarricade": true
      }
    },
    {
      "id": "n_107",
      "x": 920,
      "y": 500,
      "kind": "board",
      "flags": {
        "run": false,
        "goal": false,
        "startColor": "blue",
        "noBarricade": true
      }
    },
    {
      "id": "n_108",
      "x": 960,
      "y": 500,
      "kind": "board",
      "flags": {
        "run": false,
        "goal": false,
        "startColor": null,
        "noBarricade": true
      }
    },
    {
      "id": "n_109",
      "x": 1000,
      "y": 500,
      "kind": "board",
      "flags": {
        "run": false,
        "goal": false,
        "startColor": null,
        "noBarricade": true
      }
    },
    {
      "id": "n_110",
      "x": 1000,
      "y": 460,
      "kind": "board",
      "flags": {
        "run": false,
        "goal": false,
        "startColor": null,
        "noBarricade": true
      }
    },
    {
      "id": "n_112",
      "x": 960,
      "y": 420,
      "kind": "board",
      "flags": {
        "run": false,
        "goal": false,
        "startColor": null,
        "noBarricade": false
      }
    },
    {
      "id": "h_green_1",
      "x": 780,
      "y": 600,
      "kind": "house",
      "flags": {
        "houseColor": "green",
        "houseSlot": 1
      }
    },
    {
      "id": "h_green_2",
      "x": 740,
      "y": 560,
      "kind": "house",
      "flags": {
        "houseColor": "green",
        "houseSlot": 2
      }
    },
    {
      "id": "h_green_3",
      "x": 820,
      "y": 560,
      "kind": "house",
      "flags": {
        "houseColor": "green",
        "houseSlot": 3
      }
    },
    {
      "id": "h_green_4",
      "x": 740,
      "y": 640,
      "kind": "house",
      "flags": {
        "houseColor": "green",
        "houseSlot": 4
      }
    },
    {
      "id": "h_green_5",
      "x": 820,
      "y": 640,
      "kind": "house",
      "flags": {
        "houseColor": "green",
        "houseSlot": 5
      }
    },
    {
      "id": "h_yellow_1",
      "x": 600,
      "y": 600,
      "kind": "house",
      "flags": {
        "houseColor": "yellow",
        "houseSlot": 1
      }
    },
    {
      "id": "h_yellow_2",
      "x": 560,
      "y": 560,
      "kind": "house",
      "flags": {
        "houseColor": "yellow",
        "houseSlot": 2
      }
    },
    {
      "id": "h_yellow_3",
      "x": 640,
      "y": 560,
      "kind": "house",
      "flags": {
        "houseColor": "yellow",
        "houseSlot": 3
      }
    },
    {
      "id": "h_yellow_4",
      "x": 560,
      "y": 640,
      "kind": "house",
      "flags": {
        "houseColor": "yellow",
        "houseSlot": 4
      }
    },
    {
      "id": "h_yellow_5",
      "x": 640,
      "y": 640,
      "kind": "house",
      "flags": {
        "houseColor": "yellow",
        "houseSlot": 5
      }
    },
    {
      "id": "h_red_1",
      "x": 420,
      "y": 600,
      "kind": "house",
      "flags": {
        "houseColor": "red",
        "houseSlot": 1
      }
    },
    {
      "id": "h_red_2",
      "x": 380,
      "y": 560,
      "kind": "house",
      "flags": {
        "houseColor": "red",
        "houseSlot": 2
      }
    },
    {
      "id": "h_red_3",
      "x": 460,
      "y": 560,
      "kind": "house",
      "flags": {
        "houseColor": "red",
        "houseSlot": 3
      }
    },
    {
      "id": "h_red_4",
      "x": 380,
      "y": 640,
      "kind": "house",
      "flags": {
        "houseColor": "red",
        "houseSlot": 4
      }
    },
    {
      "id": "h_red_5",
      "x": 460,
      "y": 640,
      "kind": "house",
      "flags": {
        "houseColor": "red",
        "houseSlot": 5
      }
    },
    {
      "id": "h_blue_1",
      "x": 920,
      "y": 600,
      "kind": "house",
      "flags": {
        "houseColor": "blue",
        "houseSlot": 1
      }
    },
    {
      "id": "h_blue_2",
      "x": 880,
      "y": 560,
      "kind": "house",
      "flags": {
        "houseColor": "blue",
        "houseSlot": 2
      }
    },
    {
      "id": "h_blue_3",
      "x": 960,
      "y": 560,
      "kind": "house",
      "flags": {
        "houseColor": "blue",
        "houseSlot": 3
      }
    },
    {
      "id": "h_blue_4",
      "x": 880,
      "y": 640,
      "kind": "house",
      "flags": {
        "houseColor": "blue",
        "houseSlot": 4
      }
    },
    {
      "id": "h_blue_5",
      "x": 960,
      "y": 640,
      "kind": "house",
      "flags": {
        "houseColor": "blue",
        "houseSlot": 5
      }
    },
    {
      "id": "n_113",
      "x": 360,
      "y": 420,
      "kind": "board",
      "flags": {
        "run": true,
        "goal": false,
        "startColor": null,
        "noBarricade": false
      }
    },
    {
      "id": "n_114",
      "x": 1000,
      "y": 420,
      "kind": "board",
      "flags": {
        "run": true,
        "goal": false,
        "startColor": null,
        "noBarricade": false
      }
    }
  ],
  "edges": [
    [
      "n_56",
      "n_58"
    ],
    [
      "n_1",
      "n_2"
    ],
    [
      "n_2",
      "n_21"
    ],
    [
      "n_21",
      "n_22"
    ],
    [
      "n_22",
      "n_23"
    ],
    [
      "n_23",
      "n_24"
    ],
    [
      "n_24",
      "n_25"
    ],
    [
      "n_25",
      "n_26"
    ],
    [
      "n_26",
      "n_27"
    ],
    [
      "n_27",
      "n_28"
    ],
    [
      "n_28",
      "n_29"
    ],
    [
      "n_29",
      "n_30"
    ],
    [
      "n_30",
      "n_31"
    ],
    [
      "n_31",
      "n_32"
    ],
    [
      "n_32",
      "n_33"
    ],
    [
      "n_33",
      "n_34"
    ],
    [
      "n_34",
      "n_35"
    ],
    [
      "n_35",
      "n_36"
    ],
    [
      "n_36",
      "n_37"
    ],
    [
      "n_20",
      "n_37"
    ],
    [
      "n_19",
      "n_20"
    ],
    [
      "n_18",
      "n_19"
    ],
    [
      "n_15",
      "n_16"
    ],
    [
      "n_14",
      "n_15"
    ],
    [
      "n_13",
      "n_14"
    ],
    [
      "n_12",
      "n_13"
    ],
    [
      "n_11",
      "n_12"
    ],
    [
      "n_10",
      "n_11"
    ],
    [
      "n_10",
      "n_9"
    ],
    [
      "n_8",
      "n_9"
    ],
    [
      "n_7",
      "n_8"
    ],
    [
      "n_6",
      "n_7"
    ],
    [
      "n_5",
      "n_6"
    ],
    [
      "n_4",
      "n_5"
    ],
    [
      "n_3",
      "n_4"
    ],
    [
      "n_2",
      "n_3"
    ],
    [
      "n_20",
      "n_38"
    ],
    [
      "n_38",
      "n_39"
    ],
    [
      "n_39",
      "n_95"
    ],
    [
      "n_95",
      "n_96"
    ],
    [
      "n_96",
      "n_97"
    ],
    [
      "n_78",
      "n_97"
    ],
    [
      "n_77",
      "n_78"
    ],
    [
      "n_76",
      "n_77"
    ],
    [
      "n_75",
      "n_76"
    ],
    [
      "n_43",
      "n_75"
    ],
    [
      "n_42",
      "n_43"
    ],
    [
      "n_41",
      "n_42"
    ],
    [
      "n_40",
      "n_41"
    ],
    [
      "n_39",
      "n_40"
    ],
    [
      "n_78",
      "n_94"
    ],
    [
      "n_94",
      "n_98"
    ],
    [
      "n_100",
      "n_98"
    ],
    [
      "n_100",
      "n_99"
    ],
    [
      "n_93",
      "n_99"
    ],
    [
      "n_46",
      "n_47"
    ],
    [
      "n_45",
      "n_46"
    ],
    [
      "n_44",
      "n_45"
    ],
    [
      "n_43",
      "n_44"
    ],
    [
      "n_47",
      "n_48"
    ],
    [
      "n_48",
      "n_49"
    ],
    [
      "n_49",
      "n_50"
    ],
    [
      "n_51",
      "n_62"
    ],
    [
      "n_61",
      "n_62"
    ],
    [
      "n_61",
      "n_71"
    ],
    [
      "n_70",
      "n_71"
    ],
    [
      "n_70",
      "n_74"
    ],
    [
      "n_73",
      "n_74"
    ],
    [
      "n_73",
      "n_79"
    ],
    [
      "n_79",
      "n_80"
    ],
    [
      "n_80",
      "n_81"
    ],
    [
      "n_81",
      "n_82"
    ],
    [
      "n_82",
      "n_83"
    ],
    [
      "n_83",
      "n_84"
    ],
    [
      "n_84",
      "n_85"
    ],
    [
      "n_68",
      "n_85"
    ],
    [
      "n_68",
      "n_69"
    ],
    [
      "n_69",
      "n_70"
    ],
    [
      "n_47",
      "n_72"
    ],
    [
      "n_72",
      "n_73"
    ],
    [
      "n_82",
      "n_93"
    ],
    [
      "n_101",
      "n_99"
    ],
    [
      "n_101",
      "n_102"
    ],
    [
      "n_102",
      "n_103"
    ],
    [
      "n_105",
      "n_91"
    ],
    [
      "n_91",
      "n_92"
    ],
    [
      "n_84",
      "n_92"
    ],
    [
      "n_107",
      "n_108"
    ],
    [
      "n_106",
      "n_107"
    ],
    [
      "n_106",
      "n_89"
    ],
    [
      "n_89",
      "n_90"
    ],
    [
      "n_90",
      "n_91"
    ],
    [
      "n_88",
      "n_89"
    ],
    [
      "n_87",
      "n_88"
    ],
    [
      "n_86",
      "n_87"
    ],
    [
      "n_66",
      "n_86"
    ],
    [
      "n_66",
      "n_67"
    ],
    [
      "n_67",
      "n_68"
    ],
    [
      "n_65",
      "n_66"
    ],
    [
      "n_64",
      "n_65"
    ],
    [
      "n_63",
      "n_64"
    ],
    [
      "n_59",
      "n_63"
    ],
    [
      "n_59",
      "n_60"
    ],
    [
      "n_60",
      "n_61"
    ],
    [
      "n_58",
      "n_59"
    ],
    [
      "n_57",
      "n_58"
    ],
    [
      "n_56",
      "n_57"
    ],
    [
      "n_54",
      "n_56"
    ],
    [
      "n_51",
      "n_52"
    ],
    [
      "n_54",
      "n_55"
    ],
    [
      "n_113",
      "n_55"
    ],
    [
      "n_113",
      "n_52"
    ],
    [
      "n_50",
      "n_51"
    ],
    [
      "n_108",
      "n_109"
    ],
    [
      "n_109",
      "n_110"
    ],
    [
      "n_110",
      "n_114"
    ],
    [
      "n_112",
      "n_114"
    ],
    [
      "n_104",
      "n_112"
    ],
    [
      "n_104",
      "n_105"
    ],
    [
      "n_103",
      "n_104"
    ],
    [
      "n_16",
      "n_17"
    ],
    [
      "n_17",
      "n_18"
    ]
  ],
  "meta": {
    "starts": {
      "red": "n_57",
      "blue": "n_107",
      "green": "n_87",
      "yellow": "n_64"
    },
    "goal": "n_1"
  }
}
